{
  "zone_0": [
    [
      2.3240001836419113,
      -1.3051427275793885
    ],
    [
      2.296571611804622,
      -8.13485711506435
    ],
    [
      -8.56514283576182,
      -7.942857112203325
    ],
    [
      -8.53771426392453,
      -1.277714155742099
    ]
  ],
  "zone_1": [
    [
      4.244000212252141,
      1.794285890034268
    ],
    [
      4.189143068577563,
      -1.5245713022777
    ],
    [
      9.15371457112687,
      -1.5794284459522792
    ],
    [
      9.044000283777715,
      1.4651430279868
    ]
  ]
}